Date,mains,television,fan,fridge,laptop computer,electric heating element,oven,washing machine,microwave,toaster,sockets,cooker,hour,minute,temp,dwpt,rhum,wdir,wspd,pres,Holiday,day,month,day_name,time_of_day,is_weekend
2015-07-05,141.65084668803422,15.899276215277776,12.665533969907408,49.356105284010056,17.626762030228758,5.910415335648155,0.0,0.68,4.049700462962991,0.0,1.8602234722222184,1.7679391203703598,11.5,29.5,19.716666666666665,15.2125,76.33333333333333,210.83333333333331,14.25,1016.9458333333332,0.0,2015-07-05,July,Sunday,Night,True
2015-07-06,150.59958796296294,2.917830787037037,8.523975,47.94330069444442,11.54571296296296,5.144161863425922,6.040796469907408,0.68,7.511148900463241,0.0,2.440012060185184,30.260032060185196,11.5,29.5,18.425,12.054166666666667,67.625,234.58333333333331,18.029166666666665,1019.3125,0.0,2015-07-06,July,Monday,Night,False
2015-07-07,140.05077546296295,13.303897280092592,6.702272858796296,45.28184699074076,15.921110243055551,4.421395428240736,0.0,0.68,3.5893771990740744,1.5915486689814942,2.1003300925925945,12.35531637731482,11.5,29.5,19.5625,13.395833333333334,68.875,198.33333333333331,20.7,1009.25,0.0,2015-07-07,July,Tuesday,Night,False
2015-07-08,112.1713831018514,6.18093125,0.0,42.26882714120373,9.738715219907409,5.2366067129629705,3.76128125,0.68,12.540380324073752,0.0,3.247439525462963,0.0,11.5,29.5,16.1125,11.9875,77.125,268.75,27.3,1008.8375,0.0,2015-07-08,July,Wednesday,Night,False
2015-07-09,146.548130787037,13.838018229166666,0.424930381944445,40.81905092592588,10.963490256076389,5.067182465277784,0.0,0.68,5.075560532407475,0.0,39.382902372685045,0.0,11.5,29.5,13.691666666666666,7.65,67.66666666666667,297.9166666666667,20.25,1020.8375,0.0,2015-07-09,July,Thursday,Night,False
2015-07-10,123.7845,0.6809247685185185,0.0964733796296296,39.576589236111104,7.301099558738425,5.519679456018514,0.0,16.17633304398151,4.209229398148159,0.0,12.495964351851985,7.975465914351852,11.5,29.5,16.966666666666665,9.083333333333334,62.79166666666666,189.58333333333331,11.7,1021.8125,0.0,2015-07-10,July,Friday,Night,False
2015-07-11,74.7316179503367,0.0,0.0004825846354166,41.59880024305555,0.0007768640350872,3.5245018007897606,0.0,0.94999375,1.24,0.0,0.0002251838235295,0.0,11.5,29.5,20.0,11.729166666666666,60.875,206.66666666666663,12.75,1015.7166666666668,0.0,2015-07-11,July,Saturday,Night,True
2015-07-12,141.64505797558925,15.899276215277776,12.662820771846064,49.35204258101861,17.625888760964912,5.910427018654691,0.0,0.6800281250000001,4.049700462962991,0.0,1.8600833578431333,1.7679391203703598,11.5,29.5,17.983333333333334,14.4,80.08333333333333,235.83333333333331,22.8,1016.3958333333334,0.0,2015-07-12,July,Sunday,Night,True
2015-07-13,150.59958796296294,2.917830787037037,8.523975,47.94330069444442,11.54571296296296,5.144161863425922,6.040796469907408,0.68,7.511148900463241,0.0,2.440012060185184,30.260032060185196,11.5,29.5,17.9,15.845833333333331,88.04166666666667,241.66666666666663,22.05,1014.4541666666668,0.0,2015-07-13,July,Monday,Night,False
2015-07-14,140.05176504629634,13.303897280092592,6.702272858796296,45.28184699074076,15.921184585160818,4.421395428240736,0.0,0.6800140625000001,3.5893771990740744,1.5915486689814942,2.1003422769360287,12.35531637731482,11.5,29.5,17.8875,15.5625,86.58333333333333,273.3333333333333,19.5,1015.8833333333332,0.0,2015-07-14,July,Tuesday,Night,False
2015-07-15,122.2899305555556,0.9189177662037036,0.0,41.42327453997962,11.188049674098435,5.271417939814814,0.0,24.88642476851853,4.62395393518518,0.0,2.879583359638047,0.0,11.5,29.5,17.441666666666666,16.208333333333332,92.54166666666669,218.33333333333331,15.6,1018.2666666666668,0.0,2015-07-15,July,Wednesday,Night,False
2015-07-16,128.5047395833334,9.03896215277778,0.0,43.75442042529816,12.36648292824074,5.319542708333328,5.988453993055591,0.68,12.268002488425628,46.95835891203704,2.213180381944444,0.0,11.5,29.5,18.933333333333334,13.216666666666669,71.08333333333333,181.66666666666663,10.5,1017.8,0.0,2015-07-16,July,Thursday,Night,False
2015-07-17,109.78311226851852,8.72455167824074,0.0,44.44337546296296,10.919208912037035,5.588534201388888,0.0,0.68,4.937337789351702,1.3877149305555556,2.543314409722222,0.0,11.5,29.5,21.204166666666666,15.9375,72.29166666666667,198.33333333333331,29.85,1011.5666666666668,0.0,2015-07-17,July,Friday,Night,False
2015-07-18,137.08425,8.399983912037037,0.0,45.373982407407375,14.26182175925926,5.759056018518518,2.232305671296261,0.68,2.0008116898148147,0.0,1.6971956597222175,26.90258194444445,11.5,29.5,17.891666666666666,10.495833333333334,63.958333333333336,229.58333333333331,16.65,1016.2541666666668,0.0,2015-07-18,July,Saturday,Night,True
2015-07-19,122.86358217592596,7.35377372685185,5.127201736111109,41.29314484953706,13.579371701388888,4.9865318287037015,5.015287847222222,0.68,5.716566724537193,3.2180923611111014,5.087901909722217,0.0,11.5,29.5,16.2875,12.408333333333331,78.95833333333333,197.08333333333331,16.95,1010.9,0.0,2015-07-19,July,Sunday,Night,True
2015-07-20,135.51362731481484,6.414872569444444,0.0,44.749817129629605,10.257142766203703,5.773993402777778,0.0,22.5994789351852,3.277189467592624,0.0,3.165947453703704,7.792238946759259,11.5,29.5,17.529166666666665,14.9375,85.25,179.58333333333334,14.55,1011.7791666666668,0.0,2015-07-20,July,Monday,Night,False
2015-07-21,145.7790277777778,9.839382060185184,0.0,45.46692181712967,12.4135546875,5.252901967592596,0.0,0.68,13.140987268518517,0.0,2.441902662037037,26.857553125000003,11.5,29.5,20.079166666666666,13.983333333333333,69.58333333333333,244.58333333333331,23.25,1012.4708333333332,0.0,2015-07-21,July,Tuesday,Night,False
2015-07-22,145.42262152777772,11.604325810185186,3.9480795138888887,44.45509212962963,14.812966840277776,4.846442534722224,7.471258333333375,0.68,4.765813946759291,1.8798144097222256,4.078102025462962,16.38092100694444,11.5,29.5,18.98333333333333,13.291666666666666,71.20833333333333,245.0,18.9,1014.1708333333332,0.0,2015-07-22,July,Wednesday,Night,False
2015-07-23,113.09876736111111,7.990259432870372,3.748859490740741,45.12537783564813,12.817095081018518,5.405047222222222,0.0,0.68,2.0455168981482177,2.1507781249999955,3.5515017361111108,0.0,11.5,29.5,17.5375,10.708333333333334,65.625,301.25,13.2,1016.75,0.0,2015-07-23,July,Thursday,Night,False
2015-07-24,103.54391087962968,7.239089409722222,3.6546463541666654,39.50721435185186,9.75506984953704,5.684765856481482,0.0,0.68,2.019501331018484,1.3838598379629627,3.120893460648148,0.0,11.5,29.5,18.73333333333333,12.45,68.375,108.75,9.15,1010.125,0.0,2015-07-24,July,Friday,Night,False
2015-07-25,153.9982175925926,13.945240104166666,0.0,37.54138466435186,21.974365798611117,6.056182349537036,0.0,0.68,7.86236001157405,0.0,2.7993965856481475,26.783677372685197,11.5,29.5,15.2375,13.125,87.45833333333333,245.41666666666663,31.8,1003.2041666666668,0.0,2015-07-25,July,Saturday,Night,True
2015-07-26,150.15475115740736,15.769286863425926,0.0,36.20485630787034,16.101615162037035,4.536175347222221,20.318718229166446,19.81677008101854,3.5231961805555208,1.5784353009259295,2.353000173611111,0.0,11.5,29.5,14.704166666666667,11.120833333333334,80.79166666666667,185.41666666666663,18.6,1009.2958333333332,0.0,2015-07-26,July,Sunday,Night,True
2015-07-27,149.36628009259252,9.815341087962963,0.0,36.4706581018518,16.91330734953704,6.861336712962952,0.0,0.68,6.649596296296473,1.9213454861111148,3.430599247685185,37.38417523148148,11.5,29.5,16.8625,14.420833333333333,85.91666666666667,228.75,32.85,998.3208333333332,0.0,2015-07-27,July,Monday,Night,False
2015-07-28,138.49368287037032,6.7146871527777785,0.0,34.79736944444442,14.444023900462962,6.533412766203703,4.222505381944445,0.68,8.570714062500183,1.6430671296296202,3.111112094907406,24.077594270833337,11.5,29.5,15.854166666666666,12.475,80.95833333333333,248.33333333333331,28.05,1003.325,0.0,2015-07-28,July,Tuesday,Night,False
2015-07-29,124.49059953703704,7.350319733796296,0.1812111111111107,35.17168524305555,15.730607217261907,7.028216030092593,5.197197685185185,0.68,3.523856944444403,1.6127407986111135,1.7203928819444447,11.68579375,11.5,29.5,14.5,10.066666666666666,75.41666666666667,260.8333333333333,29.1,1007.7708333333334,0.0,2015-07-29,July,Wednesday,Night,False
2015-07-30,153.15873842592595,9.069283152548213,0.0,36.38739930555554,17.04324666005291,6.579941261574073,0.0,24.993490740740715,5.533960648148148,2.685682581018515,2.795415509259259,9.049769155092603,11.5,29.5,13.979166666666666,9.145833333333334,73.41666666666667,300.0,18.3,1015.8916666666668,0.0,2015-07-30,July,Thursday,Night,False
2015-07-31,138.30393171296294,0.0718759330999363,0.0,36.836760308159725,5.9398030671296285,8.691256597222232,0.0,0.68,16.330923784722476,0.0,2.444847851080246,31.17077228009259,11.5,29.5,13.833333333333334,7.2375,66.125,180.41666666666663,9.3,1019.4958333333332,0.0,2015-07-31,July,Friday,Night,False
2015-08-01,124.41815162037037,4.02528732638889,0.0,36.72535392795135,6.100196643518518,7.900894502314811,0.0,0.68,14.956462557870257,0.0,1.8816655748456783,18.71180063657408,11.5,29.5,15.7125,7.670833333333333,61.375,180.41666666666663,7.95,1016.8416666666668,0.0,2015-08-01,August,Saturday,Night,True
2015-08-02,134.35750578703704,3.954669502314815,0.7271226851851852,38.83195173611114,5.777734056712964,7.676240914351847,0.0,0.68,7.234238078703488,0.0,2.2896058449074075,35.705447858796305,11.5,29.5,18.0,11.229166666666666,66.79166666666667,149.16666666666666,11.491666666666667,1018.9375,0.0,2015-08-02,August,Sunday,Night,True
2015-08-03,129.44502893518515,5.7715140625000005,7.053368981481482,39.79881984953701,13.75367722800926,5.279301620370369,8.048442476851845,0.68,5.472705555555494,0.0,5.350522685185185,9.008419560185184,11.5,29.5,20.7375,13.775,65.5,185.0,14.55,1013.275,0.0,2015-08-03,August,Monday,Night,False
2015-08-04,147.21677662037035,2.2951711226851863,7.403463599537038,39.3616164930556,7.571028240740741,4.682399135348584,0.0,23.344995370370185,2.6085560763890814,0.0,2.109176967592593,27.666159780092595,11.5,29.5,18.025,13.966666666666669,78.54166666666667,239.16666666666663,19.05,1013.4208333333332,0.0,2015-08-04,August,Tuesday,Night,False
2015-08-05,128.63081597222222,10.830819791666668,2.625207754629629,39.6338280092593,15.646404600694446,5.442093572984746,4.828665509259253,0.68,6.054965451388904,0.0,4.558004556327161,8.745247685185184,11.5,29.5,18.92083333333333,11.808333333333334,64.875,155.41666666666666,14.85,1015.6666666666666,0.0,2015-08-05,August,Wednesday,Night,False
2015-08-06,127.92447453703691,8.151756018518519,7.732204224537037,40.22999710648146,8.634304427083334,5.34520335648148,8.48097789351844,0.68,4.534926909722212,0.0,3.335170270061728,13.072533333333336,11.5,29.5,20.025,14.529166666666669,71.70833333333333,197.5,14.85,1013.8666666666668,0.0,2015-08-06,August,Thursday,Night,False
2015-08-07,107.61566666666664,2.893472743055556,8.019680960648147,41.8521677662037,10.63803978587963,5.4867288773148095,0.0,0.68,6.358183506944422,0.0391626157407407,2.082353877314816,0.0,11.5,29.5,19.325,14.825,77.29166666666667,222.08333333333331,10.8,1017.4916666666668,0.0,2015-08-07,August,Friday,Night,False
2015-08-08,122.80784837962965,4.799136400462964,5.298378819444446,39.327549189814775,12.139014728009258,5.132616666666668,0.0,0.68,4.213293055555583,3.1931644097222223,5.056233854166666,11.0581203125,11.5,29.5,18.5125,12.716666666666669,70.875,84.16666666666667,13.35,1022.8875,0.0,2015-08-08,August,Saturday,Night,True
2015-08-09,120.99266550925928,8.657800752314813,3.566486516203704,40.50650352155432,16.99390905092593,5.080362326388884,0.0,0.68,3.7189557870370753,0.0,2.131445023148148,10.421803877314831,11.5,29.5,18.9,13.333333333333334,71.79166666666667,162.5,6.166666666666667,1020.8666666666668,0.0,2015-08-09,August,Sunday,Night,True
2015-08-10,104.42881250000002,0.4646533564814811,0.0,41.01192489279752,13.364577060185184,5.1743421296296335,4.319616203703713,0.68,3.121700173611029,2.234893113425932,4.843408912037037,0.0032981481481487,11.5,29.5,19.591666666666665,15.529166666666669,77.66666666666667,228.33333333333331,10.2,1017.5625,0.0,2015-08-10,August,Monday,Night,False
2015-08-11,125.46962857744109,0.0,5.195457060185185,39.75674542824071,13.451782986111112,5.318129861111109,2.6370316550925845,11.103704398148258,2.3465067708333924,0.0,5.136228819444445,11.681974537037028,11.5,29.5,19.791666666666668,16.516666666666666,82.375,239.58333333333331,10.2,1019.2,0.0,2015-08-11,August,Tuesday,Night,False
2015-08-12,150.70697220603475,5.115136631944439,4.912302314814816,35.98886603009262,16.907804282407408,6.536922627314814,3.611443344907408,0.68,4.398393344907446,1.4350070023148185,4.378563483796295,27.654727488425927,11.5,29.5,19.245833333333334,15.2625,78.375,45.0,18.45,1022.775,0.0,2015-08-12,August,Wednesday,Night,False
2015-08-13,117.70373949430206,0.0,8.113531886574075,39.233687268518544,7.386897858796297,5.467409664351848,0.0,0.68,7.412618865740857,3.9242108796296127,5.666056597222219,11.409050925925923,11.5,29.5,21.466666666666665,17.304166666666667,78.125,78.75,19.35,1015.6791666666668,0.0,2015-08-13,August,Thursday,Night,False
2015-08-14,139.59154682239057,4.774127141203704,7.655681076388888,41.225326099536986,6.059223553240742,6.8416942708333215,0.0,0.68,11.489780324074069,1.449711631944441,2.3282487268518524,11.456915219907406,11.5,29.5,21.229166666666668,18.308333333333334,84.20833333333333,160.0,13.2,1007.3541666666666,0.0,2015-08-14,August,Friday,Night,False
2015-08-15,142.96973905723914,9.418804745370371,4.8269453125,40.44684652777782,9.420195486111112,9.884069155092591,3.0384634259259258,0.68,5.627133969907406,1.8613188078703704,1.4158712962962965,23.78396035879627,11.5,29.5,18.05,15.933333333333334,87.58333333333333,277.0833333333333,14.55,1009.2916666666666,0.0,2015-08-15,August,Saturday,Night,True
2015-08-16,127.4191944444445,5.620624016203704,4.809384085648148,37.087912500000016,11.461035937500002,7.027386863425928,0.0,11.982124189814645,5.921763773148161,4.426833275462962,1.705653125,4.8010866898148175,11.5,29.5,15.845833333333331,12.016666666666667,78.75,326.6666666666667,15.45,1015.6791666666668,0.0,2015-08-16,August,Sunday,Night,True
2015-08-17,160.9109872685186,16.05896724537037,0.0,34.75605561342593,13.892956944444444,6.507567361111112,0.0,0.68,4.310154918981481,0.0,2.8962611689814817,51.20740237268518,11.5,29.5,14.429166666666667,13.783333333333331,95.91666666666669,308.75,16.8,1013.4291666666668,0.0,2015-08-17,August,Monday,Night,False
2015-08-18,139.30996296296297,9.169958969907409,0.0879450810185188,34.77242916666668,10.381797164351852,8.349208506944445,0.0,0.68,8.934188946759438,0.0,3.7031866898148142,29.72019062499997,11.5,29.5,15.1375,13.466666666666669,90.16666666666669,224.58333333333331,21.6,1012.7875,0.0,2015-08-18,August,Tuesday,Night,False
2015-08-19,62.34391203703704,0.0,0.0,20.881633101851868,0.2702221064814809,4.5533308293534684,0.0,0.68,6.025620543981385,0.0,0.4281559027777777,0.0,11.5,29.5,17.029166666666665,13.245833333333334,79.45833333333333,181.66666666666663,12.3,1019.2541666666668,0.0,2015-08-19,August,Wednesday,Night,False
2015-08-20,32.0,0.0,0.0,0.0,0.0,2.348475309441544,0.0,0.68,1.24,0.0,0.0,0.0,11.5,29.5,18.72083333333333,13.2125,72.375,171.66666666666666,12.3,1022.2208333333332,0.0,2015-08-20,August,Thursday,Night,False
2015-08-21,32.0,0.0,0.0,0.0,0.0,2.4161442785320317,0.0,0.68,1.24,0.0,0.0,0.0,11.5,29.5,20.2875,15.995833333333334,77.33333333333333,149.58333333333334,9.9,1022.4333333333332,0.0,2015-08-21,August,Friday,Night,False
2015-08-22,32.0,0.0,0.0,0.0,0.0,2.483813247622519,0.0,0.68,1.24,0.0,0.0,0.0,11.5,29.5,21.3625,13.333333333333334,61.66666666666666,109.16666666666669,17.1,1017.8708333333332,0.0,2015-08-22,August,Saturday,Night,True
2015-08-23,108.51000000000008,3.310152604166668,0.049078761574074,19.128625983796297,5.97929230324074,4.60077707579118,0.0,15.990696238425908,9.66179027777778,0.0,0.7079638310185185,13.032462037037016,11.5,29.5,20.195833333333333,12.325,62.66666666666666,117.08333333333331,22.95,1007.0166666666668,0.0,2015-08-23,August,Sunday,Night,True
2015-08-24,195.4788483796296,10.79467222222222,3.277684432870371,37.84202731481482,19.605008506944444,6.068394733796293,7.076683159722241,10.574483159722242,1.24,0.0,1.222968576388889,54.71321782407408,11.5,29.5,17.704166666666666,15.575,87.75,166.25,16.95,1000.2375,0.0,2015-08-24,August,Monday,Night,False
2015-08-25,159.34116319444442,12.522139814814816,10.714175983796297,35.91623061342591,12.60501585648148,6.926553182870373,0.0,0.68,11.20065480324075,6.314931886574057,1.7731482638888871,17.425975115740734,11.5,29.5,16.770833333333332,12.8625,79.29166666666667,222.5,29.1,1008.5791666666668,0.0,2015-08-25,August,Tuesday,Night,False
2015-08-26,83.41008564814813,0.0,2.389437847222223,33.357067418981536,0.0,5.602300173611117,2.5423399305555603,0.68,6.958679340277801,0.0,0.124490162037037,0.0,11.5,29.5,19.566666666666663,16.35,82.54166666666667,188.75,26.7,1008.55,0.0,2015-08-26,August,Wednesday,Night,False
2015-08-27,67.02619328703703,0.0,0.0,33.86490069444444,0.0,3.539495428240743,0.0,0.68,1.51,0.0,0.0,0.0,11.5,29.5,15.991666666666667,14.304166666666667,89.75,202.91666666666663,21.3,1008.3458333333332,0.0,2015-08-27,August,Thursday,Night,False
2015-08-28,64.88063888888887,0.0,0.0,31.936212442129605,0.0,3.5436072337962945,0.0,0.68,1.51,0.0,0.0,0.0,11.5,29.5,15.979166666666666,11.829166666666667,78.375,219.16666666666663,15.9,1016.7666666666668,0.0,2015-08-28,August,Friday,Night,False
2015-08-29,67.5469479166668,0.0,0.0,34.40373564814815,0.0,3.5716322916666647,0.0,0.68,1.51,0.0,0.0,0.0,11.5,29.5,17.225,11.45,71.41666666666667,158.75,10.05,1021.2583333333332,0.0,2015-08-29,August,Saturday,Night,True
2015-08-30,151.72598958333325,17.7582380787037,2.13982818287037,36.68890648148145,9.707039814814816,5.133040682870379,0.0,39.933017997685205,2.570571296296292,0.0,0.9505507523148148,0.0,11.5,29.5,19.591666666666665,15.8125,79.08333333333333,55.833333333333336,14.7,1016.8541666666666,0.0,2015-08-30,August,Sunday,Night,True
2015-08-31,156.22930555555556,11.098893923611111,9.47966898148148,37.19894976851856,4.746974652777778,6.622792071759252,5.590777199074074,0.68,8.124383391203732,4.702608159722232,1.716619849537037,31.39506788194443,11.5,29.5,20.3375,18.716666666666665,90.91666666666669,183.33333333333331,13.65,1010.1333333333332,0.0,2015-08-31,August,Monday,Night,False
2015-09-01,122.68292245370372,11.627775347222222,0.0437140046296289,35.82249473379631,8.412537442129628,6.562341608796292,6.064517476851856,0.68,6.449556597222217,1.366731423611111,0.8379655092592588,10.1667810185185,11.5,29.5,15.895833333333334,12.475,80.66666666666667,315.4166666666667,19.2,1013.8541666666666,0.0,2015-09-01,September,Tuesday,Night,False
2015-09-02,97.4955787037037,1.8936905092592595,0.0,34.005713599537046,6.473390914351858,5.587817303240744,0.0,0.68,3.2716948495370577,0.0,0.481941550925926,11.30671741898148,11.5,29.5,14.075,10.05,77.5,247.5,14.7,1015.9875,0.0,2015-09-02,September,Wednesday,Night,False
2015-09-03,183.3538356481481,17.832538368055555,0.047383912037037,34.29668217592589,14.035861631944446,7.047885243055551,28.054010590277716,0.68,27.668401157407224,1.2578075810185174,2.319960532407407,9.374429340277777,11.5,29.5,12.8,10.033333333333331,83.95833333333333,224.16666666666663,14.820833333333333,1013.5291666666668,0.0,2015-09-03,September,Thursday,Night,False
2015-09-04,159.85050925925927,10.17165943287037,0.0,33.33528153935182,12.64612453703704,11.393170891203706,0.0,4.314393229166697,7.142167013888597,4.393815451388881,1.1666208912037035,41.54131487268519,11.5,29.5,13.858333333333333,12.6125,92.20833333333331,262.0833333333333,23.25,1011.7791666666668,0.0,2015-09-04,September,Friday,Night,False
2015-09-05,132.5489178240741,3.284471990740741,0.0559953703703695,32.19773842592591,9.220125113843348,9.256895543981484,0.0,0.95,8.253756365740745,0.0,1.6629220486111116,17.139557175925926,11.5,29.5,13.795833333333333,9.966666666666669,78.20833333333333,310.4166666666667,23.1,1016.3625,0.0,2015-09-05,September,Saturday,Night,True
2015-09-06,200.07041435185175,16.460667766203706,0.1030572916666679,32.75229859664353,15.223238775045536,10.01484311342592,3.2907457754629665,14.411215509259304,13.492435879629769,1.778205960648148,3.3793017361111115,45.59081545138889,11.5,29.5,13.233333333333333,9.291666666666666,77.75,299.5833333333333,20.7,1023.6375,0.0,2015-09-06,September,Sunday,Night,True
2015-09-07,116.51161226851852,3.484562094907409,0.0,32.60933213252316,7.613156423611111,9.93741140046296,0.0,4.336979456018507,9.437075752314804,0.0,1.0430928819444445,8.763081423611109,11.5,29.5,14.329166666666667,12.354166666666666,88.25,332.5,15.15,1026.6791666666666,0.0,2015-09-07,September,Monday,Night,False
2015-09-08,78.97820023148148,0.0,0.0204916087962956,33.573716956018544,0.0,5.107409780092594,0.0,0.68,7.994874942129641,0.0,0.0507501157407407,0.0,11.5,29.5,14.4125,11.508333333333333,83.125,184.16666666666663,10.35,1026.5541666666666,0.0,2015-09-08,September,Tuesday,Night,False
2015-09-09,64.63317245370372,0.0,0.0,31.53109884259256,0.0,3.582340046296296,0.0,0.68,1.24,0.0,0.0,0.0,11.5,29.5,13.979166666666666,10.529166666666669,81.04166666666667,90.41666666666669,13.45,1024.3333333333333,0.0,2015-09-09,September,Wednesday,Night,False
2015-09-10,63.3636377314815,0.0,0.0,30.66329774305553,0.0,3.5471301504629644,0.0,0.68,1.24,0.0,0.0,0.0,11.5,29.5,14.766666666666667,9.55,71.91666666666667,78.75,17.85,1023.2166666666668,0.0,2015-09-10,September,Thursday,Night,False
2015-09-11,65.03687037037038,0.0,0.0,31.871762442129647,0.0,3.4923422453703714,0.0,0.68,1.24,0.0,0.0,0.0,11.5,29.5,14.620833333333334,10.133333333333333,75.45833333333333,82.91666666666667,14.4,1017.8166666666668,0.0,2015-09-11,September,Friday,Night,False
2015-09-12,57.41652320657032,0.0,0.0,30.070282118055548,0.0,3.5706815393518525,0.0,0.68,1.24,0.0,0.0,0.0,11.5,29.5,15.708333333333334,12.620833333333334,82.33333333333333,145.41666666666666,14.65,1011.2,0.0,2015-09-12,September,Saturday,Night,True
2015-09-13,110.86049859412614,0.0,0.0,30.07710485284392,0.0,3.7337463469328713,0.0,0.68,1.24,0.0,0.0331989583333332,0.0,11.5,29.5,16.266666666666666,13.125,82.5,156.25,16.620833333333334,1004.95625,0.0,2015-09-13,September,Sunday,Night,True
2015-09-14,223.9842200974516,14.31263119212963,0.0,32.474391964285715,14.350394907407408,8.627767021122677,16.395134895833333,22.62770491898162,6.686107986111147,0.0,2.8520934027777773,53.4961579861111,11.5,29.5,14.229166666666666,12.658333333333331,90.41666666666669,178.75,21.48333333333333,998.8041666666668,0.0,2015-09-14,September,Monday,Night,False
2015-09-15,143.05596874999986,6.902288657407409,0.04991863425926,30.370829259259253,13.551285648148149,16.059833854166655,5.460112789351857,0.68,21.38600943287023,1.423886747685185,1.6644152777777776,0.0,11.5,29.5,12.195833333333333,9.525,84.04166666666667,182.91666666666663,27.808333333333334,999.3833333333332,0.0,2015-09-15,September,Tuesday,Night,False
2015-09-16,162.84738541666667,11.087566319444443,0.9446018518518512,34.1915116550926,12.61178854166667,30.818420891203736,0.0,0.68,6.333223263888896,3.4702047453703697,0.748331886574074,22.529896296296297,11.5,29.5,14.779166666666669,13.270833333333334,90.83333333333331,143.33333333333334,20.1,991.7208333333332,0.0,2015-09-16,September,Wednesday,Night,False
2015-09-17,81.22230208333333,0.0,1.3944607060185177,32.27348327546295,0.7381932870370367,5.606216898148151,0.0,0.68,6.5627003472223215,0.0,0.6845914351851844,0.0,11.5,29.5,14.116666666666667,12.65,91.0,225.0,19.95,997.725,0.0,2015-09-17,September,Thursday,Night,False
2015-09-18,62.43707754629632,0.0,0.0,28.52099328703704,0.0,3.664114062500001,0.0,0.68,0.98,0.0,0.0,0.0,11.5,29.5,13.575,11.608333333333333,88.5,187.5,15.991666666666667,1012.5083333333332,0.0,2015-09-18,September,Friday,Night,False
2015-09-19,108.12971064814816,0.0,0.0,28.458121194815536,1.737292174358124,4.321825532034048,27.96696485246449,0.68,21.650617028142168,0.0,0.3361484887471155,0.0,11.5,29.5,13.708333333333334,11.070833333333333,85.16666666666667,265.4166666666667,11.4,1021.7041666666668,0.0,2015-09-19,September,Saturday,Night,True
2015-09-20,180.26960648148156,8.84032650462963,0.3805461226851832,35.0852282843512,15.26894150619743,22.3990310073178,4.102685726239206,13.402076793981482,9.972685402413404,0.0,1.837760712641772,34.85279548611112,11.5,29.5,13.9125,11.3,85.08333333333333,251.25,15.183333333333334,1023.6708333333332,0.0,2015-09-20,September,Sunday,Night,True
2015-09-21,154.91820601851845,8.05987980324074,2.118586574074075,35.23575069444443,8.379772453703705,19.662718055555573,0.0,9.284600694444418,2.934558043981402,1.293893634259258,2.210901851851853,28.785053240740737,11.5,29.5,14.608333333333333,11.983333333333333,85.41666666666667,200.83333333333331,19.5,1013.05,0.0,2015-09-21,September,Monday,Night,False
2015-09-22,135.23671296296294,0.0,2.1493956597222224,32.88687083333332,8.69543153935185,23.848604861111102,0.0,14.862523437499991,10.542899594907382,4.2252125,0.7821463541666666,2.314175520833336,11.5,29.5,12.720833333333331,11.483333333333333,92.66666666666669,202.91666666666663,11.408333333333331,1000.4333333333332,0.0,2015-09-22,September,Tuesday,Night,False
2015-09-23,172.27932291666667,1.296265914351852,0.03348431712963,33.063561631944445,16.682404166666664,12.276249305555554,0.0,0.68,7.593677951388856,0.0,1.109755902777778,31.472024768518526,11.5,29.5,13.241666666666667,11.666666666666666,90.5,244.58333333333331,12.25,1007.8291666666668,0.0,2015-09-23,September,Wednesday,Night,False
2015-09-24,102.98245370370373,0.2725078703703704,2.567033449074074,31.58684914990424,6.459821284722223,16.700647627314815,0.0,0.68,9.252323263888837,0.0,1.1807224537037035,0.0,11.5,29.5,13.0,12.104166666666666,94.41666666666669,197.91666666666663,19.05,1014.4375,0.0,2015-09-24,September,Thursday,Night,False
2015-09-25,89.21320601851852,0.0,0.150977662037037,29.87907602370685,5.781554583333333,5.938198784722219,12.505156828703782,0.68,2.8278681134260304,0.0,1.3011358796296295,0.0,11.5,29.5,12.620833333333334,10.229166666666666,86.29166666666667,247.91666666666663,10.583333333333334,1021.6208333333332,0.0,2015-09-25,September,Friday,Night,False
2015-09-26,112.31013310185178,0.0,0.0652840277777777,30.173594212962943,16.07895578703704,5.877632986111107,12.607417245370316,0.68,2.64129670138885,0.0,1.6122946180555566,10.922073148148144,11.5,29.5,11.741666666666667,8.725,83.25,129.58333333333334,7.533333333333333,1028.35,0.0,2015-09-26,September,Saturday,Night,True
2015-09-27,108.72214699074073,2.847285821759259,0.0,28.863609375,9.903494083605668,13.983761516203696,0.0,0.68,4.690668865740707,0.0,1.3486481481481485,12.611953703703708,11.5,29.5,12.295833333333333,9.170833333333333,83.0,95.41666666666669,10.05,1034.4333333333334,0.0,2015-09-27,September,Sunday,Night,True
2015-09-28,101.0944050925926,0.0,0.1456493055555554,31.130514872685207,10.44842165713508,10.93507048611111,7.84355260416667,0.68,4.34098865740743,0.0,1.571113310185185,0.0,11.5,29.5,12.358333333333333,9.708333333333334,85.0,75.0,11.85,1037.7791666666667,0.0,2015-09-28,September,Monday,Night,False
2015-09-29,76.23390740740741,0.0,0.1253339699074074,29.033408564814817,9.087525694444444,5.202636111111112,0.0,0.68,1.7129246527777775,0.0,1.2681169560185188,0.0,11.5,29.5,12.5375,8.241666666666667,76.33333333333333,66.25,18.0,1036.7375,0.0,2015-09-29,September,Tuesday,Night,False
2015-09-30,76.10409837962963,1.3836138310185189,0.0589539930555561,29.399874338348784,7.770312326388888,4.546105671296295,0.0,0.68,2.2527160300926385,0.0,0.7004876736111103,0.0,11.5,29.5,13.058333333333334,8.429166666666667,74.25,69.58333333333333,19.05,1035.0291666666667,0.0,2015-09-30,September,Wednesday,Night,False
2015-10-01,88.82302893518523,0.0,0.0560931712962959,29.5267544232253,7.718728530092592,4.3073109375000005,0.0,0.68,3.292309895833393,0.0,1.674185821759259,12.683153761574069,11.5,29.5,12.1125,8.308333333333334,78.83333333333333,59.16666666666666,14.941666666666666,1031.9208333333331,0.0,2015-10-01,October,Thursday,Night,False
2015-10-02,79.01603472222222,0.0,0.0,29.93118321759258,7.687484259259259,3.965237905092594,0.0,0.68,3.9307395833333296,0.0,1.1233002893518529,2.710876273148159,11.5,29.5,11.6625,8.270833333333334,81.54166666666667,82.5,12.9,1024.8875,0.0,2015-10-02,October,Friday,Night,False
2015-10-03,118.36347916666662,0.0,0.0,29.549169270833342,10.061668576388888,5.021755497685185,10.42067459490741,28.64974513888873,2.6953285300926293,0.0,1.0645715277777776,0.0,11.5,29.5,11.8375,9.325,85.5,156.25,8.25,1014.8416666666668,0.0,2015-10-03,October,Saturday,Night,True
2015-10-04,108.5697048611111,2.651758854166665,0.1703766203703688,29.325614988425883,18.724482118055555,5.44637569444444,0.0,12.068809664351871,6.871199305555572,0.0,0.5456334490740743,0.0,11.5,29.5,11.2,9.8625,92.375,189.16666666666663,8.55,1014.8541666666666,0.0,2015-10-04,October,Sunday,Night,True
2015-10-05,73.64831597222224,0.0,0.1052237847222222,28.458580219907425,7.194842534722222,4.302061805555557,0.0,0.68,3.601060763888934,0.0,1.2778075231481478,0.0,11.5,29.5,12.904166666666669,11.154166666666669,89.58333333333333,125.0,13.35,1010.1166666666668,0.0,2015-10-05,October,Monday,Night,False
2015-10-06,76.01629050925926,0.0,0.0689642361111108,30.13394697916668,9.974549189814816,4.265549305555559,0.0,0.68,1.24,0.0,1.7314026620370366,0.0,11.5,29.5,15.4875,14.491666666666667,94.0,120.83333333333331,12.15,1001.8416666666668,0.0,2015-10-06,October,Tuesday,Night,False
2015-10-07,85.29262731481482,0.0,0.0,29.493311747685212,7.967095920138888,3.791912268518518,0.0,0.68,1.24,0.0,1.5698032407407403,11.19545445601852,11.5,29.5,14.8625,13.983333333333333,94.54166666666669,185.41666666666663,17.4,1008.0875,0.0,2015-10-07,October,Wednesday,Night,False
2015-10-08,79.06171874999998,0.0,0.0799547453703704,28.35532129629629,7.508605179398145,4.620543113425916,0.0,0.68,3.229853645833292,0.0,3.959122858796296,0.0,11.5,29.5,13.458333333333334,11.241666666666667,86.79166666666667,244.58333333333331,11.4,1019.0583333333332,0.0,2015-10-08,October,Thursday,Night,False
2015-10-09,79.86358217592593,0.0,0.0,26.970958159722173,4.285313946759258,4.502058854166664,0.0,0.68,1.24,0.0,1.6051498842592586,11.052102662037036,11.5,29.5,12.033333333333331,9.9,87.875,103.33333333333331,6.0,1022.35,0.0,2015-10-09,October,Friday,Night,False
2015-10-10,99.45780092592584,4.825097858796296,0.0,28.07769673032405,14.336839330150465,6.69683061342591,0.0,0.68,4.783683969907388,1.9656309027777803,1.9830184606481485,3.249794618055553,11.5,29.5,11.816666666666666,8.616666666666667,81.45833333333333,63.333333333333336,16.95,1021.0,0.0,2015-10-10,October,Saturday,Night,True
2015-10-11,142.6202951388889,6.9526365740740745,0.0672633680555556,30.94452421874998,15.686674327256949,25.59377031250001,0.0,9.794894560185172,5.586339467592562,1.7515767361111134,0.8188848379629639,11.101232175925926,11.5,29.5,7.366666666666666,1.975,69.58333333333333,75.0,19.35,1018.9291666666668,0.0,2015-10-11,October,Sunday,Night,True
2015-10-12,81.40553819444445,0.0,0.0360153935185185,30.22425474537037,1.5261767939814814,15.4543890625,0.0,0.95,1.24,0.0,1.8688864004629624,0.0,11.5,29.5,5.383333333333334,1.95,79.08333333333333,73.75,12.0,1018.7416666666668,0.0,2015-10-12,October,Monday,Night,False
2015-10-13,95.33450925925922,0.0,0.0724825231481481,26.35347824074072,8.56820167824074,18.57129096541394,0.0,0.95,6.270119907407482,0.0,1.6304375578703707,0.0,11.5,29.5,6.379166666666666,2.825,78.29166666666667,52.5,19.8,1020.3625,0.0,2015-10-13,October,Tuesday,Night,False
2015-10-14,110.92377430555553,0.0,0.0,30.54448096064815,4.384749826388887,30.404891036900867,0.0,0.95,1.24,0.0,1.4447046875,12.16293570601852,11.5,29.5,6.616666666666666,5.0125,89.58333333333333,130.0,13.95,1020.2166666666668,0.0,2015-10-14,October,Wednesday,Night,False
2015-10-15,95.59945949074071,0.0,0.0684918981481478,30.151243807870383,3.409557812500001,25.247196585648144,0.0,0.95,1.24,0.0,1.36363269675926,4.123411053240741,11.5,29.5,7.0625,5.8,91.75,169.58333333333334,9.0,1019.1041666666666,0.0,2015-10-15,October,Thursday,Night,False
2015-10-16,73.73671064814815,0.0,0.0,27.52784861111112,1.0569627314814818,13.097458796296296,0.0,0.95,1.24,0.0,1.2964505787037042,0.0,11.5,29.5,8.341666666666667,7.675,95.625,165.0,9.75,1018.1541666666668,0.0,2015-10-16,October,Friday,Night,False
2015-10-17,70.62920717592591,0.0,0.0443505208333336,25.68261892361116,1.5956903935185185,11.079840914351852,0.0,0.95,1.24,0.0,1.5385671874999998,0.0,11.5,29.5,9.091666666666669,8.808333333333334,97.95833333333331,85.83333333333333,7.5,1017.5041666666668,0.0,2015-10-17,October,Saturday,Night,True
2015-10-18,175.69915162036958,0.0,0.0771712384259259,30.780084259259283,14.675716493055557,37.51238211805554,0.0,52.62243408564834,2.743289930555556,2.2400491319444384,4.549753240740742,0.0,11.5,29.5,8.95,8.420833333333333,96.58333333333331,209.58333333333331,7.441666666666666,1019.5708333333332,0.0,2015-10-18,October,Sunday,Night,True
2015-10-19,95.56947916666664,0.0,0.1157459490740757,30.618572106481487,9.657308217592592,18.769101446759265,0.0,0.95,2.779556134259177,0.0,2.3030705439814816,0.0,11.5,29.5,11.120833333333334,9.916666666666666,92.58333333333331,160.41666666666666,7.8,1022.5291666666668,0.0,2015-10-19,October,Monday,Night,False
2015-10-20,107.34699537037038,0.0,0.0,32.66996718749999,10.15724837962963,25.606688233024684,0.0,0.95,4.275244618055552,2.3143944444444444,1.662564351851852,0.0,11.5,29.5,9.741666666666667,8.5625,92.79166666666669,299.5833333333333,7.491666666666666,1023.7416666666668,0.0,2015-10-20,October,Tuesday,Night,False
2015-10-21,112.50522916666668,3.20802488425926,0.348609722222222,31.45049351851849,10.383112210648148,17.75860401234568,0.0,0.95,1.24,2.312307175925926,1.509496122685186,10.503612442129636,11.5,29.5,9.991666666666667,9.316666666666666,95.75,203.33333333333331,18.9,1017.4958333333332,0.0,2015-10-21,October,Wednesday,Night,False
2015-10-22,92.3229421296296,0.0,0.014237037037037,30.15760665509263,7.72649403935186,16.898733622685185,0.0,0.95,1.24,0.0,1.5797354166666666,1.7849076967592556,11.5,29.5,12.216666666666669,10.366666666666667,89.0,250.83333333333331,17.55,1014.6041666666666,0.0,2015-10-22,October,Thursday,Night,False
2015-10-23,101.25126620370372,0.0574930555555559,0.1871381365740743,29.86134212962962,9.56462112268519,17.24253582175926,9.718251215277771,0.95,1.24,0.0,1.733245949074074,0.0,11.5,29.5,11.383333333333333,8.229166666666666,81.70833333333333,197.91666666666663,11.4,1021.9375,0.0,2015-10-23,October,Friday,Night,False
2015-10-24,134.63839467592592,0.0,0.0489398148148148,30.76119120370372,19.025254571759262,18.807817418981493,0.0,14.675886342592625,4.7961626736111365,0.0,1.548052604166667,11.118201736111113,11.5,29.5,11.708333333333334,8.2875,79.66666666666667,191.66666666666663,15.45,1016.3125,0.0,2015-10-24,October,Saturday,Night,True
2015-10-25,133.50348106592736,4.2015480324074055,0.0,32.863858633484604,17.511179571759257,20.894816261574064,12.480521238425924,18.946480787037167,10.04227094907442,1.7101119212962974,1.920953009259265,0.0,11.5,29.5,9.908333333333331,7.0625,83.58333333333333,249.16666666666663,7.45,1023.8458333333332,0.0,2015-10-25,October,Sunday,Night,True
2015-10-26,104.51336458333336,0.0,0.1349525462962963,30.836969039351807,7.972357523148143,18.760155862112107,0.0,0.68,1.24,0.0,2.0861089699074085,10.491892418981475,11.5,29.5,10.891666666666667,8.483333333333333,85.70833333333333,108.33333333333331,14.85,1019.3916666666668,0.0,2015-10-26,October,Monday,Night,False
2015-10-27,78.52868634259258,0.0,0.0469447916666666,31.84495821759256,1.155098263888889,11.55197538788789,0.0,0.68,1.24,2.145810821759253,0.5035873842592608,0.0,11.5,29.5,11.458333333333334,9.5375,88.66666666666667,112.91666666666669,12.45,1014.1375,0.0,2015-10-27,October,Tuesday,Night,False
2015-10-28,62.7980925925926,0.0,0.0,29.058536053240687,0.0,3.5565176682692323,0.0,0.68,1.24,0.0,0.0,0.0,11.5,29.5,10.704166666666667,9.558333333333334,92.83333333333331,120.83333333333331,11.1,1009.925,0.0,2015-10-28,October,Wednesday,Night,False
2015-10-29,61.67778356481482,0.0,0.0,28.04008645833332,0.0,5.261810109508547,0.0,0.68,1.24,0.0,0.0,0.0,11.5,29.5,10.945833333333333,9.725,92.70833333333331,179.16666666666666,11.7,1017.0625,0.0,2015-10-29,October,Thursday,Night,False
2015-10-30,65.9209548611111,0.0,0.0,28.110627600549908,0.0,7.497978240740739,0.0,0.68,1.24,0.0,0.0,0.0,11.5,29.5,10.416666666666666,8.7375,89.79166666666667,133.33333333333334,15.6,1024.2708333333333,0.0,2015-10-30,October,Friday,Night,False
2015-10-31,66.18843171296295,0.0,0.0,29.091497225839117,0.0,8.530926388888888,0.0,0.68,1.24,0.0,0.0,0.0,11.5,29.5,9.741666666666667,7.941666666666666,89.16666666666667,127.5,12.75,1025.375,0.0,2015-10-31,October,Saturday,Night,True
2015-11-01,64.77132523148148,0.0,0.0,27.75543998842589,0.0,6.792256018518516,0.0,0.68,1.24,0.0,0.0,0.0,11.5,29.5,7.329166666666667,7.2875,99.70833333333331,146.25,5.8,1029.3791666666666,0.0,2015-11-01,November,Sunday,Night,True
2015-11-02,63.66446296296296,0.0,0.0,27.51753402777776,0.0,7.026094502314811,0.0,0.68,1.24,0.0,0.0,0.0,11.5,29.5,8.658333333333333,7.6625,94.125,87.5,7.35,1025.9375,0.0,2015-11-02,November,Monday,Night,False
2015-11-03,64.96676967592592,0.0,0.0,28.25437413194443,0.0,7.803269675925922,0.0,0.68,1.24,0.0,0.0,0.0,11.5,29.5,9.483333333333333,7.0375,85.58333333333333,133.33333333333334,10.05,1019.5041666666668,0.0,2015-11-03,November,Tuesday,Night,False
2015-11-04,67.16094560185185,0.0,0.0,28.327733387799547,0.0,9.769332539682535,0.0,0.68,1.24,0.0,0.0,0.0,11.5,29.5,12.083333333333334,9.779166666666669,86.08333333333333,161.66666666666666,16.35,1016.0125,0.0,2015-11-04,November,Wednesday,Night,False
2015-11-05,66.87931481481486,0.0,0.0,28.62921232979304,0.0,8.426245739638444,0.0,0.68,1.24,0.0,0.0,0.0,11.5,29.5,13.058333333333334,12.375,95.75,168.33333333333334,17.25,1016.925,0.0,2015-11-05,November,Thursday,Night,False
2015-11-06,64.26130787037036,0.0,0.0,30.132336631944494,0.0,5.622842611882713,0.0,0.68,1.24,0.0,0.0,0.0,11.5,29.5,15.104166666666666,14.145833333333334,94.16666666666669,211.66666666666663,24.9,1016.4375,0.0,2015-11-06,November,Friday,Night,False
2015-11-07,105.82731365740744,0.0,0.0489398148148121,30.76073263888891,13.21286556712963,25.148115046296294,0.0,0.68,3.0608328125,0.0,3.5701648726851856,0.0,11.5,29.5,16.016666666666666,14.5625,91.16666666666669,221.25,27.15,1019.6166666666668,0.0,2015-11-07,November,Saturday,Night,True
2015-11-08,143.17489699074076,0.0,0.1263537037037035,34.02336950231484,15.408296875,25.423187905092604,0.0,29.08476579861108,6.965433391203861,0.0,1.928952025462963,0.0,11.5,29.5,12.770833333333334,11.35,91.25,192.5,18.45,1022.7125,0.0,2015-11-08,November,Sunday,Night,True
2015-11-09,117.37277777777776,0.0,0.1210243634259267,31.936493869474223,9.402762615740745,28.82833449074076,10.257842418981795,0.95,3.695476909722128,0.0,1.368308564814815,0.0,11.5,29.5,13.633333333333333,11.270833333333334,85.91666666666667,237.91666666666663,34.5,1019.2666666666668,0.0,2015-11-09,November,Monday,Night,False
2015-11-10,190.88398148148156,0.0,0.1566799768518517,33.61193697543309,13.837333854166667,28.292570428240733,0.0,0.95,2.9054987268518144,0.0,2.211644907407408,68.35701180555542,11.5,29.5,14.670833333333333,13.391666666666667,92.04166666666669,235.41666666666663,36.6,1020.5,0.0,2015-11-10,November,Tuesday,Night,False
2015-11-11,100.23197685185188,0.0,0.110121354166667,33.90508657407408,8.412178472222223,24.93364027777778,0.0,0.95,0.98,0.0,1.7035808449074077,0.0,11.5,29.5,13.025,11.541666666666666,90.75,216.66666666666663,23.55,1021.3583333333332,0.0,2015-11-11,November,Wednesday,Night,False
2015-11-12,76.22250231481482,0.0,0.0820195601851851,32.51797129629634,7.530126909722221,6.224402835648146,0.0,0.95,1.0361427083333332,0.0,1.9639497685185183,0.0,11.5,29.5,13.325,11.108333333333333,86.5,211.25,19.516666666666666,1022.2125,0.0,2015-11-12,November,Thursday,Night,False
2015-11-13,75.74336460755552,0.0,0.047297222222221,32.50623101851851,6.477288078703703,20.607778125000006,0.0,0.95,1.24,0.0,1.4354427662037037,0.0,11.5,29.5,11.454166666666667,6.770833333333333,73.70833333333333,238.75,33.75,1018.5916666666668,0.0,2015-11-13,November,Friday,Night,False
2015-11-14,91.0303275220741,0.0,0.0,27.33800538194447,9.35630625,24.962941805555552,0.0,0.95,1.24,0.0,2.365749942129629,0.0,11.5,29.5,9.925,5.9625,77.375,244.16666666666663,34.65,1020.0208333333334,0.0,2015-11-14,November,Saturday,Night,True
2015-11-15,156.36184027777782,0.0,0.0,31.270627199074116,14.78537991898148,26.882010972222226,0.0,0.95,6.006532060185188,0.0,1.5517961805555558,0.0,11.5,29.5,14.308333333333334,12.133333333333333,86.875,244.16666666666663,43.5,1009.0208333333334,0.0,2015-11-15,November,Sunday,Night,True
2015-11-16,96.11564236111111,0.0,0.1263722800925926,30.945542824074053,8.619732581018514,28.37906712962963,0.0,0.95,3.0480939814815198,0.0,1.7625350115740737,0.0,11.5,29.5,12.6375,10.133333333333333,84.91666666666667,224.58333333333331,29.55,1009.9,0.0,2015-11-16,November,Monday,Night,False
2015-11-17,88.92732060185183,0.0,0.1038697337962962,30.226660648148147,6.492074189814817,18.702826736111117,0.0,0.95,3.1431060185184188,0.0,1.538419675925926,0.0,11.5,29.5,13.133333333333333,11.6375,90.95833333333331,225.0,30.15,1003.0916666666668,0.0,2015-11-17,November,Tuesday,Night,False
2015-11-18,98.01850231481482,0.0,0.0,30.181120775462983,3.138575,22.24014670138888,8.741803819444444,0.95,3.251143692129668,0.0,1.378818171296296,0.0,11.5,29.5,12.829166666666667,8.7375,76.41666666666667,243.75,42.65833333333333,1008.6833333333332,0.0,2015-11-18,November,Wednesday,Night,False
2015-11-19,103.54874421296296,0.0,0.0,31.15703483796297,3.0194779513888887,25.211381354166665,0.0,0.95,2.8978967592592944,0.0,1.0241759259259264,9.980492418981475,11.5,29.5,11.420833333333333,7.629166666666666,77.875,255.0,35.25,1009.4666666666668,0.0,2015-11-19,November,Thursday,Night,False
2015-11-20,107.81331828703706,0.0,0.096288599537037,30.836595587384263,4.529624131944445,28.419171018518504,12.9239425347226,0.95,0.98,0.0,0.944457986111111,0.0002203703703703,11.5,29.5,8.120833333333334,3.7666666666666666,74.25,269.5833333333333,25.95,1003.6666666666666,0.0,2015-11-20,November,Friday,Night,False
2015-11-21,115.73041435185183,4.379379861111111,0.3486349537037037,29.93178138020833,12.744914710648148,31.01601967592592,0.0,16.35053402777762,2.6433425347222226,0.0,2.4352682291666667,12.744529224537038,11.5,29.5,5.0875,3.033333333333333,86.70833333333333,238.33333333333331,21.0,997.1,0.0,2015-11-21,November,Saturday,Night,True
2015-11-22,126.10924537037022,0.0,0.1066255787037036,31.834919675925924,12.484351145833331,29.51969079861112,0.0,12.293280324074065,5.109707175925826,2.131432407407408,1.7829938078703709,0.0,11.5,29.5,2.7333333333333334,0.5791666666666667,85.91666666666667,285.4166666666667,12.1,1009.8375,0.0,2015-11-22,November,Sunday,Night,True
2015-11-23,120.54034143518524,0.0,0.0,30.972107233796294,10.195061400462963,29.10368501157408,0.0,0.68,7.770735821759253,0.0,1.511719502314815,9.599525868055547,11.5,29.5,3.3916666666666666,0.9583333333333334,84.33333333333333,251.66666666666663,13.95,1021.85,0.0,2015-11-23,November,Monday,Night,False
2015-11-24,112.98032060185184,0.7098070601851838,0.1352619212962963,32.30871903935185,1.38626244212963,32.16536238425926,11.05392604166694,0.68,3.3061282986110827,0.0,1.4849890624999995,0.0,11.5,29.5,4.85,3.6875,92.25,196.66666666666663,28.95,1011.3375,0.0,2015-11-24,November,Tuesday,Night,False
2015-11-25,105.85030555555554,0.7203778356481485,0.0,31.12860833333333,0.0,30.255258680555563,0.0,0.68,2.566967708333309,0.0,1.933231076388889,0.0,11.5,29.5,6.454166666666667,4.720833333333333,88.625,282.5,12.75,1005.95,0.0,2015-11-25,November,Wednesday,Night,False
2015-11-26,100.2985098432438,0.0,0.1181554976851849,31.461289004629624,0.0,26.54958049768519,0.0,0.68,2.700154398148148,0.0,1.5646321180555551,10.61259664351851,11.5,29.5,5.008333333333334,3.254166666666667,88.95833333333333,243.33333333333331,9.9,1017.3416666666668,0.0,2015-11-26,November,Thursday,Night,False
2015-11-27,94.278336221571,0.0,0.1160934606481467,31.53888015046301,0.0,30.28498547453705,0.0,0.68,4.172995428240836,0.0,1.357608159722222,0.0,11.5,29.5,5.729166666666667,4.991666666666666,94.95833333333331,188.33333333333331,23.4,1012.5875,0.0,2015-11-27,November,Friday,Night,False
2015-11-28,96.12113671814294,0.0,0.3701015046296307,28.61968836805557,0.0,35.47374103009259,0.0,17.015906481481547,3.085561631944405,0.0,1.6699037037037032,0.0,11.5,29.5,6.841666666666667,4.1,83.29166666666667,246.25,32.1,1007.8875,0.0,2015-11-28,November,Saturday,Night,True
2015-11-29,45.5795740363894,0.0,0.0,29.43678412037037,0.622012094907407,30.722219733796308,0.0,0.95,3.567265856481574,0.0,1.6587287615740736,8.402259953703707,11.5,29.5,10.466666666666669,7.479166666666667,82.08333333333333,247.91666666666663,40.65,1004.925,0.0,2015-11-29,November,Sunday,Night,True
2015-11-30,63.42262836583805,0.0,0.0,30.073587175925944,3.5640855324074083,28.59891961805556,0.0,0.95,3.168937905092593,0.0,1.707494386574074,0.0,11.5,29.5,9.345833333333331,6.008333333333334,80.625,256.25,36.75,1012.35,0.0,2015-11-30,November,Monday,Night,False
